DonationID,UserID,Request_Date,Pickup_Date
1,82,2021-02-25,2021-03-02
2,184,2021-03-15,2021-03-19
3,502,2021-02-15,2021-02-22
4,829,2021-02-24,2021-03-04
5,968,2021-01-07,2021-01-17
6,982,2021-01-28,2021-02-01
7,704,2021-01-01,2021-01-05
8,739,2021-01-04,2021-01-12
9,718,2021-01-18,2021-01-24
10,17,2021-02-05,2021-02-10
11,284,2021-02-11,2021-02-17
12,956,2021-03-15,2021-03-20
13,969,2021-03-20,2021-03-28
14,653,2021-03-11,2021-03-17
15,109,2021-03-12,2021-03-18
16,738,2021-01-08,2021-01-18
17,439,2021-03-27,2021-04-02
18,92,2021-03-26,2021-03-30
19,607,2021-01-30,2021-02-05
20,617,2021-03-05,2021-03-08
21,815,2021-03-02,2021-03-09
22,934,2021-02-01,2021-02-04
23,6,2021-03-07,2021-03-10
24,793,2021-01-04,2021-01-09
25,928,2021-02-10,2021-02-13
26,12,2021-02-06,2021-02-10
27,206,2021-02-07,2021-02-10
28,756,2021-02-07,2021-02-15
29,189,2021-02-24,2021-03-03
30,474,2021-01-10,2021-01-20
31,321,2021-03-24,2021-03-27
32,932,2021-02-15,2021-02-21
33,740,2021-02-28,2021-03-09
34,257,2021-02-21,2021-02-28
35,463,2021-01-07,2021-01-16
36,597,2021-03-20,2021-03-23
37,956,2021-01-04,2021-01-10
38,114,2021-01-18,2021-01-23
39,715,2021-03-11,2021-03-17
40,125,2021-03-26,2021-04-03
41,787,2021-03-31,2021-04-09
42,994,2021-01-29,2021-02-07
43,296,2021-01-17,2021-01-24
44,927,2021-03-19,2021-03-22
45,915,2021-03-16,2021-03-26
46,50,2021-01-16,2021-01-25
47,653,2021-02-16,2021-02-20
48,572,2021-02-04,2021-02-10
49,653,2021-02-10,2021-02-13
50,533,2021-03-18,2021-03-26
51,309,2021-03-24,2021-03-31
52,635,2021-01-28,2021-02-01
53,670,2021-02-12,2021-02-20
54,592,2021-03-13,2021-03-19
55,924,2021-03-20,2021-03-29
56,193,2021-03-19,2021-03-25
57,907,2021-02-12,2021-02-22
58,343,2021-02-26,2021-03-06
59,967,2021-01-08,2021-01-11
60,559,2021-03-14,2021-03-22
61,251,2021-02-26,2021-03-06
62,268,2021-01-28,2021-02-07
63,701,2021-03-25,2021-03-29
64,235,2021-01-23,2021-01-30
65,914,2021-02-18,2021-02-26
66,361,2021-01-09,2021-01-16
67,337,2021-01-18,2021-01-25
68,569,2021-03-23,2021-03-28
69,116,2021-03-22,2021-03-31
70,488,2021-01-02,2021-01-09
71,135,2021-02-09,2021-02-16
72,397,2021-01-01,2021-01-10
73,803,2021-02-05,2021-02-13
74,698,2021-02-24,2021-03-04
75,874,2021-03-01,2021-03-05
76,390,2021-01-30,2021-02-03
77,282,2021-03-07,2021-03-16
78,873,2021-03-31,2021-04-09
79,971,2021-01-12,2021-01-21
80,910,2021-01-02,2021-01-10
81,663,2021-02-09,2021-02-17
82,320,2021-03-19,2021-03-26
83,973,2021-01-12,2021-01-16
84,622,2021-03-29,2021-04-03
85,4,2021-02-04,2021-02-11
86,185,2021-02-05,2021-02-11
87,313,2021-02-15,2021-02-24
88,936,2021-01-24,2021-02-02
89,388,2021-03-02,2021-03-09
90,626,2021-02-26,2021-03-06
91,79,2021-01-30,2021-02-05
92,577,2021-03-08,2021-03-11
93,907,2021-02-07,2021-02-13
94,537,2021-02-13,2021-02-20
95,616,2021-03-31,2021-04-10
96,807,2021-02-04,2021-02-11
97,592,2021-01-27,2021-02-01
98,619,2021-01-19,2021-01-26
99,955,2021-03-29,2021-04-05
100,506,2021-01-16,2021-01-26
101,532,2021-01-06,2021-01-15
102,775,2021-01-22,2021-01-26
103,15,2021-03-02,2021-03-08
104,63,2021-03-14,2021-03-19
105,538,2021-01-06,2021-01-09
106,238,2021-03-15,2021-03-22
107,700,2021-02-22,2021-02-27
108,504,2021-01-24,2021-01-31
109,315,2021-02-15,2021-02-24
110,308,2021-02-27,2021-03-04
111,74,2021-03-02,2021-03-11
112,120,2021-01-18,2021-01-27
113,237,2021-02-16,2021-02-22
114,859,2021-03-24,2021-03-30
115,942,2021-01-17,2021-01-20
116,829,2021-03-15,2021-03-23
117,423,2021-02-19,2021-02-25
118,194,2021-02-23,2021-02-27
119,898,2021-03-22,2021-03-27
120,641,2021-01-06,2021-01-11
121,977,2021-01-26,2021-02-01
122,923,2021-02-01,2021-02-07
123,433,2021-01-03,2021-01-13
124,221,2021-03-24,2021-03-28
125,849,2021-01-22,2021-01-26
126,181,2021-01-03,2021-01-06
127,272,2021-02-19,2021-02-26
128,509,2021-02-22,2021-02-27
129,621,2021-03-04,2021-03-12
130,236,2021-03-16,2021-03-22
131,32,2021-02-08,2021-02-13
132,969,2021-03-24,2021-04-01
133,273,2021-02-12,2021-02-17
134,529,2021-03-20,2021-03-24
135,369,2021-03-28,2021-04-02
136,590,2021-01-25,2021-02-04
137,95,2021-02-24,2021-03-06
138,685,2021-01-01,2021-01-06
139,792,2021-01-06,2021-01-10
140,548,2021-03-06,2021-03-11
141,735,2021-01-20,2021-01-28
142,116,2021-01-06,2021-01-13
143,552,2021-01-04,2021-01-09
144,327,2021-02-23,2021-03-05
145,19,2021-03-26,2021-04-04
146,237,2021-02-22,2021-02-26
147,570,2021-01-16,2021-01-19
148,776,2021-03-03,2021-03-09
149,685,2021-02-20,2021-02-24
150,83,2021-01-11,2021-01-18
151,165,2021-01-11,2021-01-17
152,529,2021-02-03,2021-02-10
153,65,2021-03-06,2021-03-10
154,691,2021-01-28,2021-01-31
155,599,2021-02-28,2021-03-04
156,722,2021-02-04,2021-02-14
157,229,2021-01-28,2021-02-05
158,441,2021-03-15,2021-03-20
159,491,2021-02-23,2021-03-05
160,299,2021-01-12,2021-01-15
161,953,2021-01-04,2021-01-07
162,754,2021-01-24,2021-02-01
163,681,2021-03-03,2021-03-10
164,766,2021-02-15,2021-02-19
165,197,2021-01-13,2021-01-21
166,927,2021-03-03,2021-03-10
167,403,2021-02-26,2021-03-02
168,258,2021-01-14,2021-01-17
169,6,2021-01-24,2021-01-27
170,251,2021-01-14,2021-01-19
171,131,2021-02-08,2021-02-13
172,640,2021-03-19,2021-03-28
173,120,2021-03-31,2021-04-07
174,253,2021-01-19,2021-01-25
175,928,2021-02-17,2021-02-26
176,105,2021-01-03,2021-01-11
177,931,2021-01-28,2021-02-01
178,366,2021-03-19,2021-03-26
179,142,2021-01-28,2021-02-01
180,120,2021-03-25,2021-03-28
181,566,2021-02-08,2021-02-14
182,367,2021-01-07,2021-01-13
183,574,2021-02-22,2021-02-28
184,78,2021-02-24,2021-03-03
185,592,2021-02-19,2021-02-27
186,809,2021-02-05,2021-02-13
187,15,2021-01-16,2021-01-22
188,72,2021-02-08,2021-02-16
189,215,2021-03-16,2021-03-24
190,899,2021-02-06,2021-02-10
191,282,2021-01-24,2021-01-27
192,986,2021-03-26,2021-04-03
193,4,2021-02-26,2021-03-02
194,338,2021-01-11,2021-01-20
195,274,2021-01-23,2021-01-31
196,280,2021-01-18,2021-01-23
197,362,2021-01-04,2021-01-09
198,933,2021-02-26,2021-03-07
199,991,2021-02-21,2021-02-24
200,202,2021-02-19,2021-02-24
201,284,2021-01-08,2021-01-17
202,229,2021-03-03,2021-03-07
203,994,2021-01-02,2021-01-05
204,231,2021-01-23,2021-01-28
205,568,2021-02-27,2021-03-05
206,354,2021-02-11,2021-02-17
207,644,2021-03-25,2021-03-31
208,484,2021-02-05,2021-02-13
209,304,2021-02-03,2021-02-09
210,553,2021-02-17,2021-02-22
211,989,2021-02-13,2021-02-21
212,499,2021-02-26,2021-03-04
213,601,2021-02-19,2021-02-26
214,64,2021-03-24,2021-03-27
215,137,2021-03-24,2021-03-30
216,756,2021-03-01,2021-03-11
217,170,2021-01-10,2021-01-13
218,795,2021-01-18,2021-01-23
219,242,2021-02-06,2021-02-13
220,702,2021-02-07,2021-02-13
221,315,2021-02-03,2021-02-10
222,882,2021-03-19,2021-03-22
223,842,2021-02-26,2021-03-03
224,423,2021-02-02,2021-02-07
225,165,2021-02-19,2021-02-27
226,500,2021-01-16,2021-01-26
227,157,2021-01-30,2021-02-07
228,334,2021-01-12,2021-01-22
229,891,2021-01-31,2021-02-10
230,259,2021-01-04,2021-01-10
231,873,2021-01-16,2021-01-23
232,802,2021-03-10,2021-03-16
233,7,2021-02-28,2021-03-05
234,872,2021-03-02,2021-03-05
235,857,2021-02-19,2021-02-26
236,832,2021-01-10,2021-01-15
237,590,2021-03-24,2021-03-30
238,23,2021-03-25,2021-04-03
239,302,2021-02-02,2021-02-10
240,599,2021-02-19,2021-02-24
241,394,2021-03-10,2021-03-18
242,418,2021-02-19,2021-02-23
243,657,2021-03-28,2021-04-07
244,431,2021-02-28,2021-03-05
245,642,2021-01-08,2021-01-16
246,60,2021-03-02,2021-03-12
247,1,2021-03-05,2021-03-10
248,303,2021-02-01,2021-02-09
249,135,2021-01-24,2021-01-31
250,573,2021-02-05,2021-02-15
251,17,2021-03-25,2021-03-29
252,300,2021-03-12,2021-03-16
253,796,2021-02-03,2021-02-06
254,924,2021-01-25,2021-01-28
255,266,2021-03-07,2021-03-13
256,11,2021-01-07,2021-01-12
257,478,2021-01-25,2021-01-28
258,148,2021-02-06,2021-02-12
259,134,2021-03-19,2021-03-27
260,907,2021-03-06,2021-03-12
261,300,2021-03-04,2021-03-13
262,515,2021-03-11,2021-03-20
263,332,2021-03-10,2021-03-19
264,510,2021-01-05,2021-01-13
265,323,2021-03-12,2021-03-18
266,642,2021-01-09,2021-01-14
267,966,2021-03-30,2021-04-06
268,853,2021-01-06,2021-01-09
269,301,2021-03-17,2021-03-20
270,415,2021-03-30,2021-04-06
271,203,2021-01-17,2021-01-21
272,391,2021-02-01,2021-02-09
273,617,2021-03-08,2021-03-15
274,124,2021-01-11,2021-01-18
275,873,2021-03-09,2021-03-13
276,98,2021-02-02,2021-02-05
277,691,2021-02-05,2021-02-15
278,490,2021-02-21,2021-02-28
279,97,2021-03-01,2021-03-11
280,640,2021-02-14,2021-02-23
281,139,2021-01-28,2021-02-02
282,964,2021-01-24,2021-01-29
283,267,2021-01-06,2021-01-15
284,806,2021-02-05,2021-02-09
285,229,2021-01-15,2021-01-24
286,519,2021-03-25,2021-04-02
287,495,2021-03-09,2021-03-18
288,549,2021-01-27,2021-01-31
289,177,2021-03-13,2021-03-19
290,945,2021-01-28,2021-02-01
291,34,2021-02-19,2021-02-27
292,346,2021-02-20,2021-03-02
293,312,2021-01-05,2021-01-09
294,557,2021-03-18,2021-03-22
295,671,2021-02-10,2021-02-17
296,525,2021-01-04,2021-01-07
297,752,2021-02-18,2021-02-27
298,707,2021-01-31,2021-02-03
299,357,2021-01-23,2021-01-29
300,656,2021-03-01,2021-03-09
301,838,2021-03-19,2021-03-22
302,422,2021-01-18,2021-01-27
303,471,2021-01-13,2021-01-19
304,330,2021-01-27,2021-01-30
305,913,2021-03-18,2021-03-22
306,908,2021-01-02,2021-01-11
307,469,2021-03-15,2021-03-19
308,91,2021-02-28,2021-03-07
309,783,2021-02-11,2021-02-15
310,690,2021-03-20,2021-03-28
311,915,2021-01-05,2021-01-10
312,727,2021-01-07,2021-01-10
313,102,2021-02-24,2021-02-28
314,489,2021-01-18,2021-01-21
315,603,2021-01-23,2021-01-27
316,200,2021-01-03,2021-01-12
317,634,2021-01-15,2021-01-25
318,191,2021-02-12,2021-02-22
319,84,2021-02-10,2021-02-16
320,538,2021-03-31,2021-04-06
321,813,2021-01-03,2021-01-06
322,558,2021-02-16,2021-02-24
323,324,2021-02-26,2021-03-04
324,169,2021-01-02,2021-01-12
325,963,2021-01-27,2021-01-31
326,859,2021-02-25,2021-03-06
327,757,2021-03-20,2021-03-29
328,65,2021-02-25,2021-03-01
329,530,2021-02-17,2021-02-20
330,527,2021-01-31,2021-02-06
331,672,2021-02-06,2021-02-09
332,375,2021-01-23,2021-01-27
333,145,2021-03-27,2021-04-03
334,333,2021-01-16,2021-01-23
335,388,2021-02-16,2021-02-22
336,985,2021-02-17,2021-02-21
337,919,2021-01-26,2021-02-03
338,214,2021-01-30,2021-02-08
339,487,2021-02-14,2021-02-24
340,275,2021-03-01,2021-03-06
341,295,2021-02-09,2021-02-12
342,293,2021-03-29,2021-04-02
343,375,2021-03-10,2021-03-19
344,217,2021-02-27,2021-03-04
345,982,2021-03-10,2021-03-15
346,757,2021-03-12,2021-03-20
347,257,2021-03-06,2021-03-12
348,248,2021-02-18,2021-02-21
349,921,2021-03-11,2021-03-14
350,392,2021-02-23,2021-02-27
351,59,2021-01-09,2021-01-14
352,940,2021-03-27,2021-04-04
353,465,2021-03-21,2021-03-30
354,698,2021-03-08,2021-03-14
355,452,2021-03-21,2021-03-30
356,474,2021-02-22,2021-03-03
357,498,2021-03-07,2021-03-12
358,194,2021-02-22,2021-02-28
359,471,2021-01-05,2021-01-14
360,785,2021-03-04,2021-03-13
361,978,2021-03-27,2021-03-31
362,804,2021-01-02,2021-01-12
363,549,2021-02-03,2021-02-12
364,527,2021-02-24,2021-03-06
365,379,2021-03-20,2021-03-30
366,173,2021-03-31,2021-04-03
367,608,2021-03-03,2021-03-06
368,128,2021-01-09,2021-01-12
369,469,2021-02-04,2021-02-12
370,570,2021-02-02,2021-02-07
371,130,2021-03-25,2021-03-29
372,504,2021-02-10,2021-02-15
373,360,2021-01-16,2021-01-24
374,222,2021-01-31,2021-02-08
375,316,2021-01-13,2021-01-23
376,872,2021-03-10,2021-03-14
377,857,2021-03-23,2021-03-31
378,892,2021-02-22,2021-02-27
379,642,2021-02-16,2021-02-19
380,558,2021-01-30,2021-02-07
381,630,2021-03-24,2021-03-28
382,543,2021-02-02,2021-02-07
383,270,2021-02-09,2021-02-12
384,486,2021-03-27,2021-04-03
385,723,2021-03-24,2021-03-31
386,163,2021-01-10,2021-01-17
387,692,2021-02-11,2021-02-19
388,231,2021-02-12,2021-02-18
389,192,2021-01-19,2021-01-24
390,481,2021-03-17,2021-03-27
391,933,2021-01-03,2021-01-13
392,942,2021-01-13,2021-01-22
393,420,2021-03-16,2021-03-26
394,256,2021-01-14,2021-01-17
395,360,2021-01-16,2021-01-25
396,200,2021-01-31,2021-02-06
397,895,2021-03-30,2021-04-07
398,663,2021-03-27,2021-04-02
399,541,2021-01-31,2021-02-06
400,606,2021-03-04,2021-03-12
401,187,2021-01-08,2021-01-15
402,782,2021-03-16,2021-03-23
403,458,2021-01-05,2021-01-11
404,471,2021-02-01,2021-02-08
405,265,2021-02-04,2021-02-11
406,654,2021-03-06,2021-03-16
407,505,2021-02-25,2021-03-04
408,568,2021-01-04,2021-01-12
409,119,2021-02-17,2021-02-26
410,475,2021-01-30,2021-02-05
411,751,2021-03-02,2021-03-09
412,952,2021-03-05,2021-03-08
413,644,2021-03-10,2021-03-15
414,522,2021-03-08,2021-03-12
415,211,2021-03-12,2021-03-15
416,258,2021-02-05,2021-02-13
417,456,2021-03-04,2021-03-09
418,862,2021-03-12,2021-03-21
419,531,2021-03-26,2021-04-05
420,785,2021-01-28,2021-02-02
421,20,2021-01-30,2021-02-06
422,433,2021-03-25,2021-03-29
423,305,2021-03-14,2021-03-24
424,904,2021-02-16,2021-02-22
425,70,2021-03-01,2021-03-06
426,105,2021-02-08,2021-02-11
427,502,2021-01-25,2021-01-31
428,107,2021-03-28,2021-04-04
429,426,2021-01-02,2021-01-12
430,492,2021-02-28,2021-03-07
431,758,2021-03-10,2021-03-20
432,680,2021-01-17,2021-01-21
433,1000,2021-01-26,2021-02-02
434,650,2021-01-23,2021-02-01
435,965,2021-02-19,2021-03-01
436,842,2021-01-12,2021-01-18
437,223,2021-02-06,2021-02-12
438,899,2021-03-02,2021-03-08
439,766,2021-01-24,2021-01-30
440,951,2021-02-20,2021-03-02
441,408,2021-01-30,2021-02-06
442,192,2021-02-21,2021-03-03
443,519,2021-01-30,2021-02-07
444,883,2021-03-08,2021-03-16
445,507,2021-01-31,2021-02-10
446,904,2021-01-22,2021-01-27
447,573,2021-01-31,2021-02-05
448,966,2021-03-04,2021-03-13
449,50,2021-02-02,2021-02-09
450,794,2021-02-09,2021-02-16
451,46,2021-01-18,2021-01-25
452,849,2021-01-17,2021-01-24
453,614,2021-01-07,2021-01-10
454,683,2021-02-02,2021-02-07
455,658,2021-01-04,2021-01-11
456,289,2021-01-13,2021-01-20
457,753,2021-03-11,2021-03-15
458,232,2021-01-18,2021-01-24
459,866,2021-02-02,2021-02-09
460,101,2021-03-17,2021-03-20
461,927,2021-01-24,2021-02-02
462,41,2021-01-12,2021-01-20
463,417,2021-02-22,2021-03-02
464,462,2021-01-24,2021-02-03
465,387,2021-03-11,2021-03-19
466,537,2021-02-07,2021-02-13
467,33,2021-01-18,2021-01-24
468,74,2021-02-21,2021-03-02
469,841,2021-02-15,2021-02-23
470,36,2021-03-27,2021-04-03
471,125,2021-03-18,2021-03-22
472,922,2021-02-02,2021-02-05
473,255,2021-03-08,2021-03-13
474,950,2021-02-05,2021-02-12
475,556,2021-03-17,2021-03-23
476,924,2021-02-20,2021-02-26
477,604,2021-02-20,2021-02-25
478,122,2021-03-18,2021-03-22
479,971,2021-01-18,2021-01-22
480,606,2021-02-08,2021-02-16
481,906,2021-01-30,2021-02-05
482,622,2021-01-15,2021-01-19
483,160,2021-02-12,2021-02-18
484,163,2021-03-23,2021-03-28
485,930,2021-03-10,2021-03-18
486,268,2021-01-20,2021-01-28
487,789,2021-02-24,2021-02-27
488,197,2021-03-31,2021-04-06
489,506,2021-02-07,2021-02-14
490,404,2021-03-12,2021-03-22
491,370,2021-01-30,2021-02-08
492,283,2021-03-17,2021-03-21
493,415,2021-01-15,2021-01-18
494,239,2021-01-29,2021-02-08
495,346,2021-03-24,2021-03-30
496,188,2021-01-05,2021-01-09
497,256,2021-02-03,2021-02-10
498,104,2021-02-07,2021-02-10
499,645,2021-01-17,2021-01-25
500,411,2021-03-29,2021-04-05